{
  "translation": [
    [
      -0.07499109208583832,
      0.1679072231054306,
      1.0123859643936157
    ]
  ],
  "rotation": [
    [
      0.06117701530456543,
      0.08053348958492279,
      0.9185366034507751,
      0.3821808993816376
    ]
  ],
  "scale": [
    [
      0.16767781972885132,
      0.16767781972885132,
      0.16767781972885132
    ]
  ]
}