{
  "translation": [
    [
      -0.059003494679927826,
      0.18075667321681976,
      1.0508641004562378
    ]
  ],
  "rotation": [
    [
      0.009727483615279198,
      0.04367881640791893,
      -0.9363235831260681,
      -0.3482753038406372
    ]
  ],
  "scale": [
    [
      0.26176151633262634,
      0.26176151633262634,
      0.26176151633262634
    ]
  ]
}