{
  "translation": [
    [
      -0.03411102294921875,
      -0.09288054704666138,
      0.7453701496124268
    ]
  ],
  "rotation": [
    [
      0.7421882152557373,
      0.12559901177883148,
      -0.15613794326782227,
      -0.6395330429077148
    ]
  ],
  "scale": [
    [
      0.18257932364940643,
      0.18257932364940643,
      0.18257932364940643
    ]
  ]
}