{
  "translation": [
    [
      -0.07906874269247055,
      0.02829233556985855,
      0.8551574349403381
    ]
  ],
  "rotation": [
    [
      0.36819741129875183,
      0.10938198864459991,
      0.18902859091758728,
      0.9037336111068726
    ]
  ],
  "scale": [
    [
      0.3588467538356781,
      0.3588467538356781,
      0.3588467538356781
    ]
  ]
}