{
  "translation": [
    [
      -0.055741086602211,
      -0.07086097449064255,
      0.8497963547706604
    ]
  ],
  "rotation": [
    [
      0.32311052083969116,
      0.9423892498016357,
      0.08582622557878494,
      -0.011658817529678345
    ]
  ],
  "scale": [
    [
      0.23525872826576233,
      0.23525872826576233,
      0.23525872826576233
    ]
  ]
}