{
  "translation": [
    [
      -0.04429151117801666,
      0.03035680390894413,
      1.0111703872680664
    ]
  ],
  "rotation": [
    [
      0.2236156165599823,
      0.831672728061676,
      0.4766792953014374,
      0.17633329331874847
    ]
  ],
  "scale": [
    [
      0.1298237442970276,
      0.1298237442970276,
      0.1298237442970276
    ]
  ]
}