{
  "translation": [
    [
      -0.035758089274168015,
      0.11226599663496017,
      0.9423937201499939
    ]
  ],
  "rotation": [
    [
      0.08656388521194458,
      0.3809647858142853,
      0.8963289260864258,
      0.20968297123908997
    ]
  ],
  "scale": [
    [
      0.42786797881126404,
      0.42786797881126404,
      0.42786797881126404
    ]
  ]
}